-- phpMyAdmin SQL Dump
-- version 5.2.2
-- https://www.phpmyadmin.net/
--
-- Servidor: db
-- Tiempo de generación: 18-01-2026 a las 03:43:33
-- Versión del servidor: 5.7.44-48
-- Versión de PHP: 8.2.27

-- Insertar todos los países del mundo
INSERT INTO paises (nombre, codigo_iso_2, codigo_iso_3, codigo_telefono, activo) VALUES
('Afganistán', 'AF', 'AFG', '93', 1),
('Albania', 'AL', 'ALB', '355', 1),
('Alemania', 'DE', 'DEU', '49', 1),
('Andorra', 'AD', 'AND', '376', 1),
('Angola', 'AO', 'AGO', '244', 1),
('Anguila', 'AI', 'AIA', '1264', 1),
('Antártida', 'AQ', 'ATA', '672', 1),
('Antigua y Barbuda', 'AG', 'ATG', '1268', 1),
('Arabia Saudita', 'SA', 'SAU', '966', 1),
('Argelia', 'DZ', 'DZA', '213', 1),
('Argentina', 'AR', 'ARG', '54', 1),
('Armenia', 'AM', 'ARM', '374', 1),
('Aruba', 'AW', 'ABW', '297', 1),
('Australia', 'AU', 'AUS', '61', 1),
('Austria', 'AT', 'AUT', '43', 1),
('Azerbaiyán', 'AZ', 'AZE', '994', 1),
('Bahamas', 'BS', 'BHS', '1242', 1),
('Bangladés', 'BD', 'BGD', '880', 1),
('Barbados', 'BB', 'BRB', '1246', 1),
('Baréin', 'BH', 'BHR', '973', 1),
('Bélgica', 'BE', 'BEL', '32', 1),
('Belice', 'BZ', 'BLZ', '501', 1),
('Benín', 'BJ', 'BEN', '229', 1),
('Bermudas', 'BM', 'BMU', '1441', 1),
('Bielorrusia', 'BY', 'BLR', '375', 1),
('Birmania', 'MM', 'MMR', '95', 1),
('Bolivia', 'BO', 'BOL', '591', 1),
('Bosnia y Herzegovina', 'BA', 'BIH', '387', 1),
('Botsuana', 'BW', 'BWA', '267', 1),
('Brasil', 'BR', 'BRA', '55', 1),
('Brunei', 'BN', 'BRN', '673', 1),
('Bulgaria', 'BG', 'BGR', '359', 1),
('Burkina Faso', 'BF', 'BFA', '226', 1),
('Burundi', 'BI', 'BDI', '257', 1),
('Bután', 'BT', 'BTN', '975', 1),
('Cabo Verde', 'CV', 'CPV', '238', 1),
('Camboya', 'KH', 'KHM', '855', 1),
('Camerún', 'CM', 'CMR', '237', 1),
('Canadá', 'CA', 'CAN', '1', 1),
('Canal de Panamá', 'PA', 'PAN', '507', 1),
('Catar', 'QA', 'QAT', '974', 1),
('Kazajistán', 'KZ', 'KAZ', '7', 1),
('Chad', 'TD', 'TCD', '235', 1),
('Chile', 'CL', 'CHL', '56', 1),
('China', 'CN', 'CHN', '86', 1),
('Chipre', 'CY', 'CYP', '357', 1),
('Ciudad del Vaticano', 'VA', 'VAT', '379', 1),
('Cocos', 'CC', 'CCK', '61', 1),
('Colombia', 'CO', 'COL', '57', 1),
('Comoras', 'KM', 'COM', '269', 1),
('Congo', 'CG', 'COG', '242', 1),
('Congo Democrático', 'CD', 'COD', '243', 1),
('Corea del Norte', 'KP', 'PRK', '850', 1),
('Corea del Sur', 'KR', 'KOR', '82', 1),
('Costa de Marfil', 'CI', 'CIV', '225', 1),
('Costa Rica', 'CR', 'CRI', '506', 1),
('Croacia', 'HR', 'HRV', '385', 1),
('Cuba', 'CU', 'CUB', '53', 1),
('Curazao', 'CW', 'CUW', '599', 1),
('Dinamarca', 'DK', 'DNK', '45', 1),
('Dominica', 'DM', 'DMA', '1767', 1),
('Ecuador', 'EC', 'ECU', '593', 1),
('Egipto', 'EG', 'EGY', '20', 1),
('El Salvador', 'SV', 'SLV', '503', 1),
('Emiratos Árabes Unidos', 'AE', 'ARE', '971', 1),
('Enclave Británico de Bermudas', 'BM', 'BMU', '1441', 1),
('Enclaves españoles en el Norte de Marruecos', 'ES', 'ESP', '212', 1),
('Escocia', 'GB', 'GBR', '44', 1),
('Eslovakia', 'SK', 'SVK', '421', 1),
('Eslovenia', 'SI', 'SVN', '386', 1),
('España', 'ES', 'ESP', '34', 1),
('Estados Unidos', 'US', 'USA', '1', 1),
('Estia', 'EE', 'EST', '372', 1),
('Esuatini', 'SZ', 'SWZ', '268', 1),
('Etiopía', 'ET', 'ETH', '251', 1),
('Filipinas', 'PH', 'PHL', '63', 1),
('Finlandia', 'FI', 'FIN', '358', 1),
('Fiyi', 'FJ', 'FJI', '679', 1),
('Francia', 'FR', 'FRA', '33', 1),
('Franja de Gaza', 'PS', 'PSE', '970', 1),
('Gabón', 'GA', 'GAB', '241', 1),
('Gales', 'GB', 'GBR', '44', 1),
('Gambia', 'GM', 'GMB', '220', 1),
('Georgia', 'GE', 'GEO', '995', 1),
('Georgia del Sur e Islas Sandwich del Sur', 'GS', 'SGS', '500', 1),
('Ghana', 'GH', 'GHA', '233', 1),
('Gibraltar', 'GI', 'GIB', '350', 1),
('Grecia', 'GR', 'GRC', '30', 1),
('Groenlandia', 'GL', 'GRL', '299', 1),
('Guadalupe', 'GP', 'GLP', '590', 1),
('Guam', 'GU', 'GUM', '1671', 1),
('Guatemala', 'GT', 'GTM', '502', 1),
('Guayana Francesa', 'GF', 'GUF', '594', 1),
('Guernesia', 'GG', 'GGY', '1481', 1),
('Guinea', 'GN', 'GIN', '224', 1),
('Guinea Ecuatorial', 'GQ', 'GNQ', '240', 1),
('Guinea-Bisáu', 'GW', 'GNB', '245', 1),
('Guyana', 'GY', 'GUY', '592', 1),
('Haití', 'HT', 'HTI', '509', 1),
('Honduras', 'HN', 'HND', '504', 1),
('Hong Kong', 'HK', 'HKG', '852', 1),
('Hungría', 'HU', 'HUN', '36', 1),
('India', 'IN', 'IND', '91', 1),
('Indonesia', 'ID', 'IDN', '62', 1),
('Irak', 'IQ', 'IRQ', '964', 1),
('Irán', 'IR', 'IRN', '98', 1),
('Irlanda', 'IE', 'IRL', '353', 1),
('Irlanda del Norte', 'GB', 'GBR', '44', 1),
('Isla Bouvet', 'BV', 'BVT', '47', 1),
('Isla Christmas', 'CX', 'CXR', '61', 1),
('Isla de Man', 'IM', 'IMN', '1624', 1),
('Isla Heard e Islas McDonald', 'HM', 'HMD', '61', 1),
('Islandia', 'IS', 'ISL', '354', 1),
('Islas Åland', 'AX', 'ALA', '358', 1),
('Islas Caimán', 'KY', 'CYM', '1345', 1),
('Islas Cocos', 'CC', 'CCK', '61', 1),
('Islas Cook', 'CK', 'COK', '682', 1),
('Islas Faroes', 'FO', 'FRO', '298', 1),
('Islas Marianas del Norte', 'MP', 'MNP', '1670', 1),
('Islas Pitcairn', 'PN', 'PCN', '870', 1),
('Islas Salomón', 'SB', 'SLB', '677', 1),
('Islas Turcas y Caicos', 'TC', 'TCA', '1649', 1),
('Islas Ultramarinas Menores de Estados Unidos', 'UM', 'UMI', '1', 1),
('Islas Vírgenes Británicas', 'VG', 'VGB', '1284', 1),
('Islas Vírgenes de Estados Unidos', 'VI', 'VIR', '1340', 1),
('Israel', 'IL', 'ISR', '972', 1),
('Italia', 'IT', 'ITA', '39', 1),
('Jamaica', 'JM', 'JAM', '1876', 1),
('Japón', 'JP', 'JPN', '81', 1),
('Jersey', 'JE', 'JEY', '1534', 1),
('Jordania', 'JO', 'JOR', '962', 1),
('Kiribati', 'KI', 'KIR', '686', 1),
('Kosovo', 'XK', 'XKX', '383', 1),
('Kuwait', 'KW', 'KWT', '965', 1),
('Laos', 'LA', 'LAO', '856', 1),
('Lesoto', 'LS', 'LSO', '266', 1),
('Letonia', 'LV', 'LVA', '371', 1),
('Líbano', 'LB', 'LBN', '961', 1),
('Liberia', 'LR', 'LBR', '231', 1),
('Libia', 'LY', 'LBY', '218', 1),
('Liechtenstein', 'LI', 'LIE', '423', 1),
('Lituania', 'LT', 'LTU', '370', 1),
('Luxemburgo', 'LU', 'LUX', '352', 1),
('Macao', 'MO', 'MAC', '853', 1),
('Madagascar', 'MG', 'MDG', '261', 1),
('Malasia', 'MY', 'MYS', '60', 1),
('Malaui', 'MW', 'MWI', '265', 1),
('Maldivas', 'MV', 'MDV', '960', 1),
('Mali', 'ML', 'MLI', '223', 1),
('Malta', 'MT', 'MLT', '356', 1),
('Marruecos', 'MA', 'MAR', '212', 1),
('Martinica', 'MQ', 'MTQ', '596', 1),
('Mauricio', 'MU', 'MUS', '230', 1),
('Mauritania', 'MR', 'MRT', '222', 1),
('Mayora', 'YT', 'MYT', '262', 1),
('Medina de Ceuta', 'ES', 'ESP', '34', 1),
('Melilla', 'ES', 'ESP', '34', 1),
('Méjico', 'MX', 'MEX', '52', 1),
('Micronesia', 'FM', 'FSM', '691', 1),
('Moldavia', 'MD', 'MDA', '373', 1),
('Mónaco', 'MC', 'MCO', '377', 1),
('Mongolia', 'MN', 'MNG', '976', 1),
('Montenegro', 'ME', 'MNE', '382', 1),
('Montserrat', 'MS', 'MSR', '1664', 1),
('Mozambique', 'MZ', 'MOZ', '258', 1),
('Namibia', 'NA', 'NAM', '264', 1),
('Nauru', 'NR', 'NRU', '674', 1),
('Nepal', 'NP', 'NPL', '977', 1),
('Nicaragua', 'NI', 'NIC', '505', 1),
('Níger', 'NE', 'NER', '227', 1),
('Nigeria', 'NG', 'NGA', '234', 1),
('Niue', 'NU', 'NIU', '683', 1),
('Noruega', 'NO', 'NOR', '47', 1),
('Nueva Caledonia', 'NC', 'NCL', '687', 1),
('Nueva Zelanda', 'NZ', 'NZL', '64', 1),
('Omán', 'OM', 'OMN', '968', 1),
('Orden de Malta', 'MT', 'MLT', '356', 1),
('Países Bajos', 'NL', 'NLD', '31', 1),
('Pakistán', 'PK', 'PAK', '92', 1),
('Palaos', 'PW', 'PLW', '680', 1),
('Palestina', 'PS', 'PSE', '970', 1),
('Panamá', 'PA', 'PAN', '507', 1),
('Papua Nueva Guinea', 'PG', 'PNG', '675', 1),
('Paquistán', 'PK', 'PAK', '92', 1),
('Paraguay', 'PY', 'PRY', '595', 1),
('Perú', 'PE', 'PER', '51', 1),
('Polinesia Francesa', 'PF', 'PYF', '689', 1),
('Polonia', 'PL', 'POL', '48', 1),
('Portugal', 'PT', 'PRT', '351', 1),
('Príncipe de Andorra', 'AD', 'AND', '376', 1),
('Procedencia', 'PR', 'PRI', '1787', 1),
('Proceso de Descolonización', 'PN', 'PCN', '870', 1),
('Protectorado Español del Marruecos', 'MA', 'MAR', '212', 1),
('Puerto Rico', 'PR', 'PRI', '1787', 1),
('Puertorico', 'PR', 'PRI', '1787', 1),
('Reino Unido', 'GB', 'GBR', '44', 1),
('República Centroafricana', 'CF', 'CAF', '236', 1),
('República Checa', 'CZ', 'CZE', '420', 1),
('República de Sudáfrica', 'ZA', 'ZAF', '27', 1),
('República del Congo', 'CG', 'COG', '242', 1),
('República Democrática de Timor Oriental', 'TL', 'TLS', '670', 1),
('República Democrática del Congo', 'CD', 'COD', '243', 1),
('República Dominicana', 'DO', 'DOM', '1809', 1),
('República Sudafricana', 'ZA', 'ZAF', '27', 1),
('Reunión', 'RE', 'REU', '262', 1),
('Rusia', 'RU', 'RUS', '7', 1),
('Ruanda', 'RW', 'RWA', '250', 1),
('Rumania', 'RO', 'ROU', '40', 1),
('Sahara Occidental', 'EH', 'ESH', '212', 1),
('Saint Bartolomé', 'BL', 'BLM', '590', 1),
('Saint Martín', 'MF', 'MAF', '590', 1),
('Salomón', 'SB', 'SLB', '677', 1),
('Samoa', 'WS', 'WSM', '685', 1),
('Samoa Americana', 'AS', 'ASM', '1684', 1),
('San Cristóbal y Nieves', 'KN', 'KNA', '1869', 1),
('San Marino', 'SM', 'SMR', '378', 1),
('San Vicente y las Granadinas', 'VC', 'VCT', '1784', 1),
('Santa Helena', 'SH', 'SHN', '290', 1),
('Santa Lucía', 'LC', 'LCA', '1758', 1),
('Santa Sede', 'VA', 'VAT', '379', 1),
('Santini y Gascuña', 'GB', 'GBR', '44', 1),
('Santo Bartolomé', 'BL', 'BLM', '590', 1),
('Santo Martín', 'MF', 'MAF', '590', 1),
('Santo Tomé y Príncipe', 'ST', 'STP', '239', 1),
('Senegal', 'SN', 'SEN', '221', 1),
('Serbia', 'RS', 'SRB', '381', 1),
('Seychelles', 'SC', 'SYC', '248', 1),
('Sierra Leona', 'SL', 'SLE', '232', 1),
('Singapur', 'SG', 'SGP', '65', 1),
('Sint Maarten', 'SX', 'SXM', '1721', 1),
('Siria', 'SY', 'SYR', '963', 1),
('Somalia', 'SO', 'SOM', '252', 1),
('Sri Lanka', 'LK', 'LKA', '94', 1),
('Sudáfrica', 'ZA', 'ZAF', '27', 1),
('Sudán', 'SD', 'SDN', '249', 1),
('Sudán del Sur', 'SS', 'SSD', '211', 1),
('Suecia', 'SE', 'SWE', '46', 1),
('Suiza', 'CH', 'CHE', '41', 1),
('Surinam', 'SR', 'SUR', '597', 1),
('Svalbard y Jan Mayen', 'SJ', 'SJM', '47', 1),
('Tailandia', 'TH', 'THA', '66', 1),
('Taiwán', 'TW', 'TWN', '886', 1),
('Tanzania', 'TZ', 'TZA', '255', 1),
('Tayikistán', 'TJ', 'TJK', '992', 1),
('Territorio Británico del Océano Índico', 'IO', 'IOT', '246', 1),
('Territorio de Nueva Zelanda', 'NZ', 'NZL', '64', 1),
('Territorios Británicos Ultramarinos', 'GB', 'GBR', '44', 1),
('Territorios Franceses Australes', 'TF', 'ATF', '262', 1),
('Territorios Palestinos', 'PS', 'PSE', '970', 1),
('Timor Leste', 'TL', 'TLS', '670', 1),
('Timor Oriental', 'TL', 'TLS', '670', 1),
('Togo', 'TG', 'TGO', '228', 1),
('Tokelau', 'TK', 'TKL', '690', 1),
('Tonga', 'TO', 'TON', '676', 1),
('Trinidad y Tobago', 'TT', 'TTO', '1868', 1),
('Tristan da Cunha', 'SH', 'SHN', '290', 1),
('Tunecía', 'TN', 'TUN', '216', 1),
('Túnez', 'TN', 'TUN', '216', 1),
('Turkmenistán', 'TM', 'TKM', '993', 1),
('Turquía', 'TR', 'TUR', '90', 1),
('Tuvalu', 'TV', 'TUV', '688', 1),
('Ucrania', 'UA', 'UKR', '380', 1),
('Uganda', 'UG', 'UGA', '256', 1),
('Unión Soviética', 'RU', 'RUS', '7', 1),
('Uruguay', 'UY', 'URY', '598', 1),
('Uzbekistán', 'UZ', 'UZB', '998', 1),
('Vanuatu', 'VU', 'VUT', '678', 1),
('Venezuela', 'VE', 'VEN', '58', 1),
('Vietnam', 'VN', 'VNM', '84', 1),
('Wallis y Futuna', 'WF', 'WLF', '681', 1),
('Yemen', 'YE', 'YEM', '967', 1),
('Yibuti', 'DJ', 'DJI', '253', 1),
('Zambia', 'ZM', 'ZMB', '260', 1),
('Zimbabue', 'ZW', 'ZWE', '263', 1);

INSERT INTO categorias (id_categoria, nombre, descripcion, id_categoria_padre, estado) VALUES
(1, 'Ropa', 'Ropa de niños', NULL, 1),
(2, 'Vestido', 'Vestidos para niñas', 1, 1);

INSERT INTO atributos (id_atributo, nombre, tipo, estado) VALUES
(1, 'Edad', 'string', 1),
(2, 'Talla', 'string', 1),
(3, 'Color', 'string', 1),
(4, 'Material', 'string', 1);

INSERT INTO proveedores (id_proveedor, nombre, contacto, telefono, email, direccion, ciudad, ruc, id_pais, descripcion, pagina_web, tipo_proveedor, regimen_iva, es_sin_animo_lucro, representante_legal, estado, fecha_creacion, fecha_actualizacion, usuario_creacion, usuario_actualizacion) VALUES
(1, 'ModaBebe', 'Kelly Andrade', '0912345678', 'kelly@hotmail.com', 'Inca', 'Quito', '0975614452001', 2544, 'Almacen de ropa', 'www.ropa1.com' ,'Distribuidor', 'Régimen Común', 1, 'Anibal',1, '2025-10-01 01:08:54', '2025-10-01 01:08:54', '', NULL),
(2, 'Angelitos', 'Ruddy Jackeline', '591123456', 'ruddy@hotmail.com', 'Gabarra', 'Lima', '123456789', 2668, 'Venta de ropa', 'www.ropa2.com', 'Distribuidor', 'Régimen Común', 1, 'Pedro',1, '2025-10-01 01:10:14', '2025-10-01 01:10:14', '', NULL);

INSERT INTO productos (id_producto, nombre, descripcion, precio, stock, stock_minimo, estado, fecha_creacion, fecha_actualizacion) VALUES
(1, 'Vestido Nohelia', 'algodon', 17.00, 20, 2, 1, '2025-10-01 01:11:23', '2025-10-01 01:11:23'),
(2, 'Vestido Diana', 'algodon suave', 21.00, 21, 2, 1, '2025-10-03 01:04:30', '2025-10-03 01:04:30'),
(3, 'Vestido Thalia', 'Algodon duro', 22.00, 22, 2, 1, '2025-10-03 01:18:01', '2025-10-03 01:18:01'),
(4, 'Vestido Briana', 'algodon 23', 23.00, 23, 2, 1, '2025-10-03 01:32:11', '2025-10-03 01:32:11'),
(5, 'Vestido Jhoysi', 'algodon 25', 25.00, 25, 2, 1, '2025-10-03 02:09:23', '2025-10-03 02:09:23'),
(6, 'Vestido Carmita', 'algodon 26', 26.00, 26, 2, 1, '2025-10-03 02:18:03', '2025-10-03 02:18:03'),
(7, 'Vestido Carolina', 'Vestido niña algodon', 28.00, 28, 2, 1, '2025-10-04 01:06:28', '2025-10-04 01:06:28');

INSERT INTO imagenes_productos (id_imagen, id_producto, archivo_imagen, principal, estado) VALUES
(1, 1, 'uploads/productos/img_68dc801b21ae1.jpg', 1, 1),
(2, 2, 'uploads/productos/img_68df214f7b52c.jpg', 1, 1),
(3, 3, 'uploads/productos/img_68df24b5a80a5.jpg', 1, 1),
(4, 4, 'uploads/productos/img_68df27e74bb34.jpg', 1, 1),
(5, 6, 'uploads/productos/img_68df329f81c34.jpg', 1, 1),
(6, 7, 'uploads/productos/img_68e07359a6251.jpg', 1, 1);

INSERT INTO productos_categorias (id_producto, id_categoria, estado) VALUES
(1, 2, 1),
(2, 2, 1),
(3, 2, 1),
(4, 2, 1),
(6, 2, 1),
(7, 2, 1);


INSERT INTO productos_atributos (id_producto, id_atributo, valor, estado) VALUES
(1, 1, '1 año', 1),
(1, 2, '1m', 1),
(1, 3, 'Rosado', 1),
(1, 4, 'Algodon', 1),
(2, 1, '2 meses', 1),
(2, 2, '2 m', 1),
(2, 3, 'Verde', 1),
(2, 4, 'Algodon', 1),
(3, 1, '3', 1),
(3, 2, '3m', 1),
(3, 3, 'Color amarillo', 1),
(3, 4, 'Algodon', 1),
(4, 1, '44', 1),
(4, 2, '4 m', 1),
(4, 3, 'lila', 1),
(4, 4, 'Algodon', 1),
(6, 1, '26 meses', 1),
(6, 2, '26 m', 1),
(6, 3, 'Naranja', 1),
(6, 4, 'Algodon', 1),
(7, 1, '8 meses', 1),
(7, 2, '8 m', 1),
(7, 3, 'Azul', 1),
(7, 4, 'Polialgodon', 1);

INSERT INTO productos_proveedores (id_producto, id_proveedor, estado) VALUES
(3, 2, 1),
(4, 1, 1),
(6, 2, 1),
(7, 2, 1);


INSERT INTO pedidos_reabastecimiento (id_pedido, fecha, id_proveedor, estado, observaciones) VALUES
(1, '2025-10-04 04:09:22', 1, 'recibido', 'compra de octubre'),
(2, '2025-10-04 04:12:08', 2, 'recibido', 'pedido octubre'),
(3, '2025-10-04 04:30:29', 2, 'recibido', 'compra de octubre'),
(4, '2025-10-04 04:34:26', 2, 'recibido', 'pedido octubre'),
(5, '2025-10-04 04:38:23', 2, 'recibido', 'pedido octubre'),
(6, '2025-10-04 04:53:02', 2, 'recibido', 'pedido octubre'),
(7, '2025-10-04 05:07:10', 2, 'recibido', 'pedido octubre'),
(8, '2025-10-04 05:32:32', 2, 'recibido', 'pedido');


INSERT INTO pedidos_reabastecimiento_detalle (id_pedido, id_producto, cantidad, precio_unitario, precio_venta) VALUES
(1, 6, 15, 16.00, 26.00),
(2, 2, 7, 13.15, 23.00),
(2, 4, 5, 14.00, 24.00),
(2, 7, 6, 13.00, 25.00),
(3, 1, 7, 12.00, 22.00),
(3, 7, 5, 13.15, 25.00),
(4, 5, 10, 11.00, 21.00),
(5, 3, 8, 13.00, 23.00),
(6, 4, 6, 15.00, 24.00),
(7, 1, 6, 11.00, 22.00),
(8, 3, 6, 12.00, 23.00);


INSERT INTO inventario_movimientos (id_movimiento, id_producto, fecha, tipo, cantidad, motivo, id_pedido, usuario) VALUES
(1, 7, '2025-10-04 01:30:44', 'entrada', 28, 'Ingreso de mercaderia', NULL, ''),
(2, 6, '2025-10-04 04:19:06', 'entrada', 15, 'recepción pedido', 1, 'system'),
(3, 2, '2025-10-04 04:19:31', 'entrada', 4, 'recepción parcial pedido 2', NULL, ''),
(4, 4, '2025-10-04 04:19:31', 'entrada', 2, 'recepción parcial pedido 2', NULL, ''),
(5, 7, '2025-10-04 04:19:31', 'entrada', 2, 'recepción parcial pedido 2', NULL, ''),
(6, 2, '2025-10-04 04:20:43', 'entrada', 3, 'recepción parcial pedido 2', NULL, ''),
(7, 4, '2025-10-04 04:20:43', 'entrada', 3, 'recepción parcial pedido 2', NULL, ''),
(8, 7, '2025-10-04 04:20:43', 'entrada', 3, 'recepción parcial pedido 2', NULL, ''),
(9, 2, '2025-10-04 04:21:19', 'entrada', 7, 'recepción pedido', 2, 'system'),
(10, 4, '2025-10-04 04:21:19', 'entrada', 5, 'recepción pedido', 2, 'system'),
(11, 7, '2025-10-04 04:21:19', 'entrada', 6, 'recepción pedido', 2, 'system'),
(12, 1, '2025-10-04 04:30:47', 'entrada', 2, 'recepción parcial pedido 3', NULL, ''),
(13, 7, '2025-10-04 04:30:47', 'entrada', 1, 'recepción parcial pedido 3', NULL, ''),
(14, 1, '2025-10-04 04:31:20', 'entrada', 2, 'recepción parcial pedido 3', NULL, ''),
(15, 7, '2025-10-04 04:31:20', 'entrada', 2, 'recepción parcial pedido 3', NULL, ''),
(16, 1, '2025-10-04 04:31:46', 'entrada', 3, 'recepción parcial pedido 3', NULL, ''),
(17, 7, '2025-10-04 04:31:46', 'entrada', 2, 'recepción parcial pedido 3', NULL, ''),
(18, 1, '2025-10-04 04:32:58', 'entrada', 7, 'recepción pedido', 3, 'system'),
(19, 7, '2025-10-04 04:32:58', 'entrada', 5, 'recepción pedido', 3, 'system'),
(20, 5, '2025-10-04 04:34:44', 'entrada', 2, 'recepción parcial pedido 4', NULL, ''),
(21, 5, '2025-10-04 04:35:20', 'entrada', 5, 'recepción parcial pedido 4', NULL, ''),
(22, 5, '2025-10-04 04:36:00', 'entrada', 10, 'recepción pedido', 4, 'system'),
(23, 3, '2025-10-04 04:39:06', 'entrada', 2, 'recepción parcial pedido 5', NULL, ''),
(24, 3, '2025-10-04 04:41:37', 'entrada', 4, 'recepción parcial pedido 5', NULL, ''),
(25, 3, '2025-10-04 04:42:33', 'entrada', 8, 'recepción pedido', 5, 'system');

INSERT INTO `impuestos` (`id_impuesto`, `codigo`, `nombre`, `tipo`, `valor`, `aplica_sobre`, `activo`) VALUES
(1, 'IVA 15', 'Impuesto al valor agregado 15', 'porcentaje', 15.0000, 'base_descuento', 1),
(2, 'IVA 12', 'Impuesto al valor agregado 12', 'porcentaje', 12.0000, 'base_descuento', 1),
(3, 'ICE 9', 'Impuesto al consumo especial 9', 'porcentaje', 9.0000, 'base_descuento', 1);

INSERT INTO `usuarios` (`id`, `uuid_usuario`, `email`, `contrasena_hash`, `nombre_completo`, `apellido`, `numero_documento`, `tipo_documento`, `fecha_nacimiento`, `genero`, `telefono`, `celular`, `estado_id`, `estado_verificacion_email`, `estado_verificacion_celular`, `fecha_ultima_conexion`, `fecha_ultima_modificacion`, `fecha_creacion`, `activo`) VALUES
(1, 'ab6a28a2-a4a2-4566-a0f0-dba60a3fb86b', 'jonathan121086@hotmail.com', '$2y$12$dtfch5294wYZZMqYnh85aedi.apLcTUIgAB9yqsxIJKgWdXhcl3lG', 'Jonathan Herrera', 'Herrera', NULL, NULL, NULL, 'ND', NULL, NULL, 1, 0, 0, '2026-01-18 03:37:47', '2026-01-18 03:37:47', '2026-01-18 02:36:48', 1);

INSERT INTO `usuarios_roles` (`id`, `usuario_id`, `rol_id`, `fecha_asignacion`, `fecha_vencimiento`, `activo`) VALUES
(1, 1, 3, '2026-01-18 02:36:48', NULL, 1);